Date,Description,Amount,Reference
2025-01-02,AWS Cloud Services - Jan,-4500.00,LED1001
2025-01-03,Salary Payment - John Doe,55000.00,LED1002
2025-01-06,Electricity Board - Jan Bill,-3200.50,LED1003
2025-01-06,Sharma Traders Payment,-12000.00,LED1004
2025-01-08,ABC Corp - Invoice Payment,85000.00,LED1005
2025-01-09,Office Rent - Jan,-25000.00,LED1006
2025-01-10,Airtel Broadband Internet,-1499.00,LED1007
2025-01-12,Adobe Subscription Fee,-2300.00,LED1008
2025-01-19,ABC Corporation Payment,85000.00,LED1009
2025-01-25,Travel Reimbursement - Employee,-6200.00,LED1010
2025-01-28,R.K. Associates Consultancy,-18000.00,LED1011
2025-01-29,Pending Vendor Invoice - Mehta & Co,-9000.00,LED1012
2025-01-30,Interest Income Accrued,500.00,LED1013
